{
	"credit": "Created by Stridey",
	"parent": "item/trapdoor",
	"textures": {
		"particle": "block/copper_trapdoor",
		"texture": "block/copper_trapdoor",
		"wax_front": "item/waxed_trapdoor",
		"wax_side": "item/waxed_door"
	},
	"elements": [
		{
			"from": [0, 0, 0],
			"to": [16, 3, 3],
			"faces": {
				"north": {"uv": [0, 13, 16, 16], "rotation": 180, "texture": "#texture", "cullface": "north"},
				"east": {"uv": [0, 13, 3, 16], "rotation": 180, "texture": "#texture", "cullface": "east"},
				"south": {"uv": [0, 13, 16, 14], "texture": "#texture"},
				"west": {"uv": [13, 13, 16, 16], "rotation": 180, "texture": "#texture", "cullface": "west"},
				"up": {"uv": [0, 13, 16, 16], "rotation": 180, "texture": "#texture"},
				"down": {"uv": [0, 13, 16, 16], "texture": "#texture", "cullface": "down"}
			}
		},
		{
			"from": [0, 0, 13],
			"to": [16, 3, 16],
			"faces": {
				"north": {"uv": [0, 2, 16, 3], "texture": "#texture"},
				"east": {"uv": [13, 13, 16, 16], "rotation": 180, "texture": "#texture", "cullface": "east"},
				"south": {"uv": [0, 13, 16, 16], "rotation": 180, "texture": "#texture", "cullface": "south"},
				"west": {"uv": [0, 13, 3, 16], "rotation": 180, "texture": "#texture", "cullface": "west"},
				"up": {"uv": [0, 0, 16, 3], "rotation": 180, "texture": "#texture"},
				"down": {"uv": [0, 0, 16, 3], "texture": "#texture", "cullface": "down"}
			}
		},
		{
			"from": [-0.01, -0.01, -0.01],
			"to": [16.01, 3.01, 16.01],
			"faces": {
				"north": {"uv": [9.5, 0, 11, 8], "rotation": 90, "texture": "#wax_side"},
				"east": {"uv": [9.5, 0, 11, 8], "rotation": 90, "texture": "#wax_side", "cullface": "east"},
				"south": {"uv": [9.5, 0, 11, 8], "rotation": 90, "texture": "#wax_side"},
				"west": {"uv": [9.5, 0, 11, 8], "rotation": 90, "texture": "#wax_side", "cullface": "east"},
				"up": {"uv": [0, 0, 16, 16], "rotation": 180, "texture": "#wax_front"},
				"down": {"uv": [0, 0, 16, 16], "texture": "#wax_front"}
			}
		},
		{
			"from": [13, 0, 3],
			"to": [16, 3, 13],
			"faces": {
				"east": {"uv": [3, 13, 13, 16], "rotation": 180, "texture": "#texture", "cullface": "east"},
				"west": {"uv": [2, 3, 3, 13], "rotation": 90, "texture": "#texture"},
				"up": {"uv": [0, 3, 3, 13], "rotation": 180, "texture": "#texture"},
				"down": {"uv": [13, 3, 16, 13], "texture": "#texture", "cullface": "down"}
			}
		},
		{
			"from": [10, 1, 10],
			"to": [12, 2, 12],
			"faces": {
				"north": {"uv": [4, 5, 6, 6], "texture": "#texture"},
				"east": {"uv": [4, 5, 5, 6], "rotation": 180, "texture": "#texture"},
				"south": {"uv": [5, 4, 6, 5], "rotation": 180, "texture": "#texture"},
				"west": {"uv": [5, 4, 6, 6], "rotation": 90, "texture": "#texture"},
				"up": {"uv": [4, 4, 6, 6], "rotation": 180, "texture": "#texture"},
				"down": {"uv": [10, 4, 12, 6], "texture": "#texture", "cullface": "down"}
			}
		},
		{
			"from": [4, 1, 10],
			"to": [6, 2, 12],
			"faces": {
				"north": {"uv": [11, 5, 12, 6], "rotation": 180, "texture": "#texture"},
				"east": {"uv": [10, 4, 11, 5], "rotation": 180, "texture": "#texture"},
				"south": {"uv": [10, 4, 11, 5], "rotation": 180, "texture": "#texture"},
				"west": {"uv": [11, 5, 12, 6], "rotation": 180, "texture": "#texture"},
				"up": {"uv": [10, 4, 12, 6], "rotation": 180, "texture": "#texture"},
				"down": {"uv": [4, 4, 6, 6], "texture": "#texture", "cullface": "down"}
			}
		},
		{
			"from": [9, 1, 9],
			"to": [11, 2, 11],
			"faces": {
				"north": {"uv": [4, 5, 6, 6], "texture": "#texture"},
				"east": {"uv": [4, 5, 5, 6], "rotation": 180, "texture": "#texture"},
				"south": {"uv": [4, 4, 6, 5], "rotation": 180, "texture": "#texture"},
				"west": {"uv": [6, 5, 7, 7], "rotation": 90, "texture": "#texture"},
				"up": {"uv": [5, 5, 7, 7], "rotation": 180, "texture": "#texture"},
				"down": {"uv": [9, 5, 11, 7], "texture": "#texture", "cullface": "down"}
			}
		},
		{
			"from": [5, 1, 9],
			"to": [7, 2, 11],
			"faces": {
				"north": {"uv": [10, 6, 11, 7], "rotation": 180, "texture": "#texture"},
				"east": {"uv": [9, 5, 10, 6], "rotation": 180, "texture": "#texture"},
				"south": {"uv": [9, 5, 10, 6], "rotation": 180, "texture": "#texture"},
				"west": {"uv": [10, 6, 11, 7], "rotation": 180, "texture": "#texture"},
				"up": {"uv": [9, 5, 11, 7], "rotation": 180, "texture": "#texture"},
				"down": {"uv": [5, 5, 7, 7], "texture": "#texture", "cullface": "down"}
			}
		},
		{
			"from": [5, 1, 5],
			"to": [7, 2, 7],
			"faces": {
				"north": {"uv": [10, 6, 11, 7], "rotation": 180, "texture": "#texture"},
				"east": {"uv": [9, 10, 10, 11], "rotation": 180, "texture": "#texture"},
				"south": {"uv": [10, 9, 11, 10], "rotation": 180, "texture": "#texture"},
				"west": {"uv": [10, 9, 11, 10], "rotation": 180, "texture": "#texture"},
				"up": {"uv": [9, 9, 11, 11], "rotation": 180, "texture": "#texture"},
				"down": {"uv": [5, 9, 7, 11], "texture": "#texture", "cullface": "down"}
			}
		},
		{
			"from": [9, 1, 5],
			"to": [11, 2, 7],
			"faces": {
				"north": {"uv": [6, 10, 7, 11], "rotation": 180, "texture": "#texture"},
				"east": {"uv": [5, 9, 6, 10], "rotation": 180, "texture": "#texture"},
				"south": {"uv": [5, 9, 6, 10], "rotation": 180, "texture": "#texture"},
				"west": {"uv": [6, 10, 7, 11], "rotation": 180, "texture": "#texture"},
				"up": {"uv": [5, 9, 7, 11], "rotation": 180, "texture": "#texture"},
				"down": {"uv": [9, 9, 11, 11], "texture": "#texture", "cullface": "down"}
			}
		},
		{
			"from": [10, 1, 4],
			"to": [12, 2, 6],
			"faces": {
				"north": {"uv": [5, 11, 6, 12], "rotation": 180, "texture": "#texture"},
				"east": {"uv": [4, 10, 5, 11], "rotation": 180, "texture": "#texture"},
				"south": {"uv": [4, 10, 5, 11], "rotation": 180, "texture": "#texture"},
				"west": {"uv": [5, 11, 6, 12], "rotation": 180, "texture": "#texture"},
				"up": {"uv": [4, 10, 6, 12], "rotation": 180, "texture": "#texture"},
				"down": {"uv": [10, 10, 12, 12], "texture": "#texture", "cullface": "down"}
			}
		},
		{
			"from": [4, 1, 4],
			"to": [6, 2, 6],
			"faces": {
				"north": {"uv": [10, 6, 11, 7], "rotation": 180, "texture": "#texture"},
				"east": {"uv": [9, 10, 10, 11], "rotation": 180, "texture": "#texture"},
				"south": {"uv": [11, 10, 12, 11], "texture": "#texture"},
				"west": {"uv": [11, 10, 12, 11], "texture": "#texture"},
				"up": {"uv": [9, 9, 11, 11], "rotation": 180, "texture": "#texture"},
				"down": {"uv": [4, 10, 6, 12], "texture": "#texture", "cullface": "down"}
			}
		},
		{
			"from": [9, 1, 6],
			"to": [10, 2, 10],
			"faces": {
				"east": {"uv": [6, 6, 7, 10], "rotation": 270, "texture": "#texture"},
				"west": {"uv": [6, 6, 7, 10], "rotation": 90, "texture": "#texture"},
				"up": {"uv": [6, 6, 7, 10], "rotation": 180, "texture": "#texture"},
				"down": {"uv": [9, 6, 10, 10], "texture": "#texture", "cullface": "down"}
			}
		},
		{
			"from": [7, 1, 9],
			"to": [9, 2, 10],
			"faces": {
				"north": {"uv": [7, 6, 9, 7], "texture": "#texture"},
				"south": {"uv": [7, 6, 9, 7], "rotation": 180, "texture": "#texture"},
				"up": {"uv": [7, 6, 9, 7], "rotation": 180, "texture": "#texture"},
				"down": {"uv": [7, 6, 9, 7], "texture": "#texture", "cullface": "down"}
			}
		},
		{
			"from": [7, 1, 6],
			"to": [9, 2, 7],
			"faces": {
				"north": {"uv": [7, 9, 9, 10], "rotation": 180, "texture": "#texture"},
				"south": {"uv": [7, 9, 9, 10], "rotation": 180, "texture": "#texture"},
				"up": {"uv": [7, 9, 9, 10], "rotation": 180, "texture": "#texture"},
				"down": {"uv": [7, 9, 9, 10], "rotation": 180, "texture": "#texture", "cullface": "down"}
			}
		},
		{
			"from": [6, 1, 6],
			"to": [7, 2, 10],
			"faces": {
				"east": {"uv": [4, 5, 5, 6], "rotation": 180, "texture": "#texture"},
				"west": {"uv": [5, 4, 6, 6], "rotation": 90, "texture": "#texture"},
				"up": {"uv": [9, 6, 10, 10], "rotation": 180, "texture": "#texture"},
				"down": {"uv": [6, 6, 7, 10], "texture": "#texture", "cullface": "down"}
			}
		},
		{
			"from": [3, 0, 11],
			"to": [5, 3, 13],
			"faces": {
				"north": {"uv": [11, 4, 13, 5], "texture": "#texture"},
				"east": {"uv": [11, 3, 12, 5], "rotation": 270, "texture": "#texture"},
				"up": {"uv": [11, 3, 13, 5], "rotation": 180, "texture": "#texture"},
				"down": {"uv": [3, 3, 5, 5], "texture": "#texture", "cullface": "down"}
			}
		},
		{
			"from": [3, 0, 3],
			"to": [5, 3, 5],
			"faces": {
				"east": {"uv": [11, 11, 12, 13], "rotation": 270, "texture": "#texture"},
				"south": {"uv": [11, 11, 13, 12], "rotation": 180, "texture": "#texture"},
				"up": {"uv": [11, 11, 13, 13], "rotation": 180, "texture": "#texture"},
				"down": {"uv": [3, 11, 5, 13], "texture": "#texture", "cullface": "down"}
			}
		},
		{
			"from": [11, 0, 3],
			"to": [13, 3, 5],
			"faces": {
				"south": {"uv": [3, 11, 5, 12], "rotation": 180, "texture": "#texture"},
				"west": {"uv": [4, 11, 5, 13], "rotation": 90, "texture": "#texture"},
				"up": {"uv": [3, 11, 5, 13], "rotation": 180, "texture": "#texture"},
				"down": {"uv": [11, 11, 13, 13], "texture": "#texture", "cullface": "down"}
			}
		},
		{
			"from": [11, 0, 11],
			"to": [13, 3, 13],
			"faces": {
				"north": {"uv": [3, 4, 5, 5], "texture": "#texture"},
				"west": {"uv": [4, 3, 5, 5], "rotation": 90, "texture": "#texture"},
				"up": {"uv": [3, 3, 5, 5], "rotation": 180, "texture": "#texture"},
				"down": {"uv": [11, 11, 13, 13], "texture": "#texture", "cullface": "down"}
			}
		},
		{
			"from": [0, 0, 3],
			"to": [3, 3, 13],
			"faces": {
				"east": {"uv": [13, 3, 14, 13], "rotation": 270, "texture": "#texture"},
				"west": {"uv": [3, 13, 13, 16], "rotation": 180, "texture": "#texture", "cullface": "west"},
				"up": {"uv": [13, 3, 16, 13], "rotation": 180, "texture": "#texture"},
				"down": {"uv": [0, 3, 3, 13], "texture": "#texture", "cullface": "down"}
			}
		}
	]
}